run_id,date_or_period,documented_hours,interval_scope,source_url,audit_status,why_distinct,cumulative_hours
A,2026-03-23,43.47,reported full-run comparison window,https://github.com/Biswajit1999/Master-Thesis-2024/blob/main/results/EXOhSPEC_V11_33h_report.md,"reported, not raw-validated",23 March A-run,43.47
B / V6,2026-04 (date pending),50.89,reported full-run comparison window,https://github.com/Biswajit1999/Master-Thesis-2024/blob/main/results/EXOhSPEC_V11_33h_report.md,"reported, not raw-validated",April B-run,94.36
C,2026-04-15,47.11,reported full-run comparison window,https://github.com/Biswajit1999/Master-Thesis-2024/blob/main/results/EXOhSPEC_V11_33h_report.md,"reported, not raw-validated",15 April fixed-model run,141.47
D,2026-04-20,35.19,reported comparison/analysis window,https://github.com/Biswajit1999/Master-Thesis-2024/blob/main/results/EXOhSPEC_V11_33h_report.md,"reported, not raw-validated",20 April distinct failure run; archive alternative 36.95 h,176.66
E,2026-04-22 to 2026-04-24,45.24,reported comparison/analysis window,https://github.com/Biswajit1999/Master-Thesis-2024/blob/main/results/EXOhSPEC_V11_33h_report.md,"reported, not raw-validated",22–24 April attended run; archive alternative 49.63 h,221.9
V8.3,2026-06-25 to 2026-06-26,10.64,full MIMO feedback phase ONLY,https://github.com/Biswajit1999/Master-Thesis-2024/blob/main/results/thermal_impulse_repeat_campaign_2026-06-22_to_24.md,"reported, not raw-validated",distinct June 25/26 hybrid run,232.54
V11,2026-07-01 to 2026-07-02,33.36,"total logged duration, incl warm-up",https://github.com/Biswajit1999/Master-Thesis-2024/blob/main/results/EXOhSPEC_V11_33h_report.md,"reported, not raw-validated",distinct July 1/2 run; feedback 31.44 is subset,265.9
V14,2026-07 (date pending),28.11,settled feedback interval ONLY,https://github.com/Biswajit1999/Master-Thesis-2024/blob/main/results/stage2_v17_v18_precision_progression.md,"reported, not raw-validated",separate controller-version run from V17,294.01
V17,2026-07-22 to 2026-07-25 (verify exact start),88.59,settled feedback interval ONLY,https://github.com/Biswajit1999/Master-Thesis-2024/blob/main/results/stage2_v17_v18_precision_progression.md,"reported, not raw-validated",separate V17 endurance; not entire raw duration,382.6
V18.1,2026-08,3.98,feedback interval ONLY,https://github.com/Biswajit1999/Master-Thesis-2024/blob/main/results/stage2_v17_v18_precision_progression.md,"reported, not raw-validated",distinct V18.1 registration/controller run,386.58
V18.2,2026-08,3.98,feedback interval ONLY,https://github.com/Biswajit1999/Master-Thesis-2024/blob/main/results/stage2_v17_v18_precision_progression.md,"reported, not raw-validated",distinct V18.2 multi-line tracking run,390.56
V19,2026-08 (date pending),5.0,"passive full monitoring run, approximate",https://github.com/Biswajit1999/Master-Thesis-2024/blob/main/results/thermal_diagnostics_v19_to_v24.md,"reported, not raw-validated",distinct passive thermal diagnostic,395.56
V22,2026-09 (date pending),4.0,"2 h camera TEC ON + 2 h OFF, approximate",https://github.com/Biswajit1999/Master-Thesis-2024/blob/main/results/thermal_diagnostics_v19_to_v24.md,"reported, not raw-validated",distinct replacement-LK220 intervention,399.56
